index,title,url,score
99973,I kind of love super local super crappy TV commercials. Can you share yours with me?,https://www.reddit.com/r/AskReddit/comments/dx9std/i_kind_of_love_super_local_super_crappy_tv/,0
99974,"If your username determined how you got rich, how would it happen? And then how would you get poor again?",https://www.reddit.com/r/AskReddit/comments/dx9srh/if_your_username_determined_how_you_got_rich_how/,0
99975,"You get $50,000 if you can make yourself cry actual tears in the next 30 seconds. How do you get yourself to cry?",https://www.reddit.com/r/AskReddit/comments/dx9spo/you_get_50000_if_you_can_make_yourself_cry_actual/,0
99976,What would happen if people could invest in people just like they invest in startups and have a share in their wealth (not income)? How would it play out and how would it shape the world?,https://www.reddit.com/r/AskReddit/comments/dx9spf/what_would_happen_if_people_could_invest_in/,0
99977,"What skill or knowledge can be gained by self study, without enrolling in a school or college, which can lead to certification and a decent job ?",https://www.reddit.com/r/AskReddit/comments/dx9sn5/what_skill_or_knowledge_can_be_gained_by_self/,0
99978,"Reddititor’s who hate your job, what’s one positive thing you can say about it?",https://www.reddit.com/r/AskReddit/comments/dx9sm0/reddititors_who_hate_your_job_whats_one_positive/,0
99979,"Riff Raff once said he wanted to “blow up, and act like he don’t know nobody”. If you were to “blow up”, what would you do?",https://www.reddit.com/r/AskReddit/comments/dx9sk5/riff_raff_once_said_he_wanted_to_blow_up_and_act/,0
99980,what did you take away from the worst thing you've ever done ?,https://www.reddit.com/r/AskReddit/comments/dx9sjl/what_did_you_take_away_from_the_worst_thing_youve/,0
99981,What is something NOT okay having 99.98% uptime?,https://www.reddit.com/r/AskReddit/comments/dx9sfs/what_is_something_not_okay_having_9998_uptime/,0
99982,World. So stuck in everything. Seriously could use solid Advice,https://www.reddit.com/r/AskReddit/comments/dx9sd4/world_so_stuck_in_everything_seriously_could_use/,0
99983,Where do you think this post will stand in 100 years from now?,https://www.reddit.com/r/AskReddit/comments/dx9sce/where_do_you_think_this_post_will_stand_in_100/,0
99984,"If you spent your life savings on a house only to find out it’s haunted, what would you do?",https://www.reddit.com/r/AskReddit/comments/dx9sbh/if_you_spent_your_life_savings_on_a_house_only_to/,0
99985,So apparently the cops are coming n the next 15 minutes. How do you escape since you live on a farm with the woods behind you and it’s 6:30?,https://www.reddit.com/r/AskReddit/comments/dx9s90/so_apparently_the_cops_are_coming_n_the_next_15/,0
99986,What becomes annoying the more you do it? (Just wondering),https://www.reddit.com/r/AskReddit/comments/dx9s8m/what_becomes_annoying_the_more_you_do_it_just/,0
99987,What is a reddit?,https://www.reddit.com/r/AskReddit/comments/dx9s8d/what_is_a_reddit/,0
99988,[Serious] What is one conversation you overheard which horrified you to the core?,https://www.reddit.com/r/AskReddit/comments/dx9s60/serious_what_is_one_conversation_you_overheard/,0
99989,"ESP, Clairvoyance.... or Schizophrenia?",https://www.reddit.com/r/AskReddit/comments/dx9s4k/esp_clairvoyance_or_schizophrenia/,0
99990,"What would your reaction be if someone told you your girlfriend/boyfriend is cheating on you, vs your reaction of your girlfriend/boyfriend telling you themself?",https://www.reddit.com/r/AskReddit/comments/dx9s3y/what_would_your_reaction_be_if_someone_told_you/,0
99991,"Riff Raff once said he wanted to “blow up, and act like [he] don’t know nobody”. If you were to “blow up”, what would you do?",https://www.reddit.com/r/AskReddit/comments/dx9s3x/riff_raff_once_said_he_wanted_to_blow_up_and_act/,0
99992,What is the most wholesome thing you have witnessed someone doing?,https://www.reddit.com/r/AskReddit/comments/dx9s37/what_is_the_most_wholesome_thing_you_have/,0
99993,"Southerners, what things surprised you. most about the north when you visited or moved their?",https://www.reddit.com/r/AskReddit/comments/dx9s1o/southerners_what_things_surprised_you_most_about/,0
99994,"New York City natives, what are some pros and cons of living in NYC and would you recommend it?",https://www.reddit.com/r/AskReddit/comments/dx9s1j/new_york_city_natives_what_are_some_pros_and_cons/,0
99995,"Redditors currently stuck in the hospital, what can we do to make your day even just a bit better?",https://www.reddit.com/r/AskReddit/comments/dx9rzw/redditors_currently_stuck_in_the_hospital_what/,0
99996,"People who have carved things into public toilets, what did you carve? Why?",https://www.reddit.com/r/AskReddit/comments/dx9ryk/people_who_have_carved_things_into_public_toilets/,0
99997,Do you give out more upvotes or downvotes?,https://www.reddit.com/r/AskReddit/comments/dx9ryg/do_you_give_out_more_upvotes_or_downvotes/,0
99998,"When I see a morbidly obese person hitting it hard in the gym, I want to shake their hand and tell them how much respect I have for them being here and hitting it. Would this be appreciated or an intrusion?",https://www.reddit.com/r/AskReddit/comments/dx9ruo/when_i_see_a_morbidly_obese_person_hitting_it/,0
99999,"Have any of you ever encountered a Wendigo? If so how, and what happened? [SERIOUS]",https://www.reddit.com/r/AskReddit/comments/dx9rt4/have_any_of_you_ever_encountered_a_wendigo_if_so/,0
99973,"Females of Reddit, what are some of the signs that show that you have a crush on someone? Also, can you tell if a guy has a crush on you?",http://www.reddit.com/r/AskReddit/comments/10e13v/females_of_reddit_what_are_some_of_the_signs_that/,1
99974,"I absolutely love the sound of thunder, Reddit are there any sounds that you love?",http://www.reddit.com/r/AskReddit/comments/10dz0r/i_absolutely_love_the_sound_of_thunder_reddit_are/,1
99975,What products/technologies are being suppressed or hidden from consumers because they'd hurt existing markets? ,http://www.reddit.com/r/AskReddit/comments/10dyri/what_productstechnologies_are_being_suppressed_or/,1
99976,"Reddit, what are some good ways to wake up in the morning? I'm lying here like a zombie because I'm too physically and mentally tired to do anything. How do you wake yourself up in the morning?",http://www.reddit.com/r/AskReddit/comments/10dy7x/reddit_what_are_some_good_ways_to_wake_up_in_the/,1
99977,What are common things in your country that are just plain ridiculous?,http://www.reddit.com/r/AskReddit/comments/10du4j/what_are_common_things_in_your_country_that_are/,1
99978,"I always notice Wilhelm screams in movies and on TV, and it takes me out of the moment. What do you wish you had never learned about? ",http://www.reddit.com/r/AskReddit/comments/10dsq6/i_always_notice_wilhelm_screams_in_movies_and_on/,1
99979,"Older redditors (40 and up), what's something you realized too late in life?",http://www.reddit.com/r/AskReddit/comments/10dq1z/older_redditors_40_and_up_whats_something_you/,1
99980,Strange neighbor tried to get into our apartment MULTIPLE times while my girlfriend was home alone... What would you do?,http://www.reddit.com/r/AskReddit/comments/10dosn/strange_neighbor_tried_to_get_into_our_apartment/,1
99981,"Conversely, what are some things that people assume are LEGAL but actually aren't?",http://www.reddit.com/r/AskReddit/comments/10d39l/conversely_what_are_some_things_that_people/,1
99982,"My friend secretly changed my ringtone to the ""nigga nigga nigga nigga nigga nigga nigga"" song. Then he called me while I was in a restaurant filled with black people. What was the most ""oh my god let me explain""/""context needed"" situation you have been in?",http://www.reddit.com/r/AskReddit/comments/10d30w/my_friend_secretly_changed_my_ringtone_to_the/,1
99983,What's the funniest injury you've had? Here's mine.,http://www.reddit.com/r/AskReddit/comments/10d1wt/whats_the_funniest_injury_youve_had_heres_mine/,1
99984,"The camera's at my work cannot see black people.  Reddit, what are some hilarious design flaws that you have encountered?",http://www.reddit.com/r/AskReddit/comments/10d1bi/the_cameras_at_my_work_cannot_see_black_people/,1
99985,You are blasted 3000 years into the past into an ancient civilization with nothing but period clothes. How do you prove you are from the future?,http://www.reddit.com/r/AskReddit/comments/10czlr/you_are_blasted_3000_years_into_the_past_into_an/,1
99986,"So Im sitting here, in my gas mask, cruising reddit because my neighbor is a moron. What nightmare neighbor stories do you have?",http://www.reddit.com/r/AskReddit/comments/10cyxk/so_im_sitting_here_in_my_gas_mask_cruising_reddit/,1
99987,A guy is about to jump from a bridge and you happen to be casually jogging when you pass by him. He tells you to convince him not to jump in one sentence. What do you tell him?,http://www.reddit.com/r/AskReddit/comments/10cynq/a_guy_is_about_to_jump_from_a_bridge_and_you/,1
99988,"Hey reddit serious question, do you think about suicide from time to time or just the thought of you departing from this world?",http://www.reddit.com/r/AskReddit/comments/10cwfm/hey_reddit_serious_question_do_you_think_about/,1
99989,"If you could ask Hitler one question, what would it be?",http://www.reddit.com/r/AskReddit/comments/10crnk/if_you_could_ask_hitler_one_question_what_would/,1
99990,"In order to win $1,000,000 you must spend $1,000 in the most useless way possible. What do you spend it on?",http://www.reddit.com/r/AskReddit/comments/10cr92/in_order_to_win_1000000_you_must_spend_1000_in/,1
99991,"You wake up and realize you have traveled back to September 10th, 2001.  What do you do?",http://www.reddit.com/r/AskReddit/comments/10co2e/you_wake_up_and_realize_you_have_traveled_back_to/,1
99992,"As a child, I vividly remember catching our neighbors son pooping in their front yard. Reddit, what bizarre child hood memories can you never forget? Possibly nsfw.",http://www.reddit.com/r/AskReddit/comments/10cnrg/as_a_child_i_vividly_remember_catching_our/,1
99993,"What would you pay over $1,000 to see?",http://www.reddit.com/r/AskReddit/comments/10cnog/what_would_you_pay_over_1000_to_see/,1
99994,[NSFW-ish] What's the scariest you've ever acted towards another human being?,http://www.reddit.com/r/AskReddit/comments/10cngt/nsfwish_whats_the_scariest_youve_ever_acted/,1
99995,"Have you ever been mugged, or robbed? If so, how did it go down?",http://www.reddit.com/r/AskReddit/comments/10clqb/have_you_ever_been_mugged_or_robbed_if_so_how_did/,1
